{"cameraMode":{"drawMode":0,"name":"Shaded","section":"Shading Mode"},"sceneLighting":true,"audioPlay":false,"sceneViewState":{"m_AlwaysRefresh":false,"showFog":true,"showSkybox":true,"showFlares":true,"showImageEffects":true,"showParticleSystems":true,"showVisualEffectGraphs":true,"m_FxEnabled":true},"in2DMode":false,"pivot":{"x":-22.560197830200197,"y":0.7342953681945801,"z":-68.23403930664063},"rotation":{"x":-0.15283365547657014,"y":-0.03635108843445778,"z":0.0052553946152329449,"w":-0.9877320528030396},"size":2.8960227966308595,"orthographic":true}