{"cameraMode":{"drawMode":0,"name":"Shaded","section":"Shading Mode"},"sceneLighting":true,"audioPlay":false,"sceneViewState":{"m_AlwaysRefresh":false,"showFog":true,"showSkybox":true,"showFlares":true,"showImageEffects":true,"showParticleSystems":true,"showVisualEffectGraphs":true,"m_FxEnabled":true},"in2DMode":false,"pivot":{"x":48.673824310302737,"y":-59.65422439575195,"z":12.261308670043946},"rotation":{"x":-0.2872132360935211,"y":-0.44730421900749209,"z":0.15428313612937928,"w":-0.8328508138656616},"size":61.419036865234378,"orthographic":false}