{"cameraMode":{"drawMode":0,"name":"Shaded","section":"Shading Mode"},"sceneLighting":true,"audioPlay":false,"sceneViewState":{"m_AlwaysRefresh":false,"showFog":true,"showSkybox":true,"showFlares":true,"showImageEffects":true,"showParticleSystems":true,"showVisualEffectGraphs":true,"m_FxEnabled":true},"in2DMode":false,"pivot":{"x":-62.1829948425293,"y":57.69279479980469,"z":59.02024841308594},"rotation":{"x":0.09670066833496094,"y":-0.032534871250391009,"z":-0.0031263367272913458,"w":-0.9947783350944519},"size":15.529693603515625,"orthographic":false}